Артикул,Ссылка,Цена
GA-2100SKE-7AER,https://shop.casio.ru/catalog/g-shock-youth/ga-2100ske-7aer/,No
GA-2100-1AER,https://shop.casio.ru/catalog/g-shock-youth/ga_2100_1aer/,No
AWM-500GC-1AJR,https://shop.casio.ru/catalog/g-shock/awm_500gc_1ajr/,No
DW-5600DAILY21-1ER,https://shop.casio.ru/catalog/g-shock/dw-5600daily21-1er/,No
G-9000-1VER,https://shop.casio.ru/catalog/g-shock-professional/g_9000_1ver/,No
GA-100-1A1ER,https://shop.casio.ru/catalog/g-shock-youth/ga_100_1a1er/,No
GA-100-1A2ER,https://shop.casio.ru/catalog/g-shock-youth/ga_100_1a2er/,No
GA-100B-4AER,https://shop.casio.ru/catalog/g-shock-youth/ga_100b_4aer/,No
GA-100B-7AER,https://shop.casio.ru/catalog/g-shock-youth/ga_100b_7aer/,No
GA-110-1AER,https://shop.casio.ru/catalog/g-shock-youth/ga_110_1aer/,No
GA-110LS-1AER,https://shop.casio.ru/catalog/g-shock-youth/ga_110ls_1aer/,No
GA-2100FR-3AER,https://shop.casio.ru/catalog/g-shock-youth/ga_2100fr_3aer/,No
GA-2100FR-5AER,https://shop.casio.ru/catalog/g-shock-youth/ga_2100fr_5aer/,No
GA-2100SU-1AER,https://shop.casio.ru/catalog/g-shock-youth/ga_2100su_1aer/,No
GA-900GC-7AER,https://shop.casio.ru/catalog/g-shock-youth/ga_900gc_7aer/,No
GM-110NE-1AER,https://shop.casio.ru/catalog/g-shock-youth/gm_110ne_1aer/,No
GM-2100B-4AER,https://shop.casio.ru/catalog/g-shock/gm-2100b-4aer/,No
GM-5600EY-1DR,https://shop.casio.ru/catalog/g-shock-youth/gm_5600ey_1dr/,No
GM-6900SG-9ER,https://shop.casio.ru/catalog/g-shock/gm-6900sg-9er/,No
GMW-B5000GD-4ER,https://shop.casio.ru/catalog/g-shock-premium/gmw_b5000gd_4er/,No
GST-B100-1AER,https://shop.casio.ru/catalog/g-shock-g-steel/gst_b100_1aer/,No
MRG-B1000D-1ADR,https://shop.casio.ru/catalog/g-shock-premium/mrg-b1000d-1adr/,No
MRG-B2000B-1ADR,https://shop.casio.ru/catalog/g-shock-premium/mrg-b2000b-1a/,No
